danceability,energy,key,loudness,mode,speechiness,acousticness,instrumentalness,liveness,valence,tempo,type,id,uri,track_href,analysis_url,duration_ms,time_signature
0.684,0.834,0,-5.705,1,0.104,0.0465,0.000796,0.117,0.374,94.939,audio_features,3sp92RPdzT14o56XGXGMpG,spotify:track:3sp92RPdzT14o56XGXGMpG,https://api.spotify.com/v1/tracks/3sp92RPdzT14o56XGXGMpG,https://api.spotify.com/v1/audio-analysis/3sp92RPdzT14o56XGXGMpG,191720,4
0.614,0.91,11,-3.175,0,0.0444,0.00956,0.000301,0.343,0.407,128.973,audio_features,73ptateUzEZc4xXGWlQpaa,spotify:track:73ptateUzEZc4xXGWlQpaa,https://api.spotify.com/v1/tracks/73ptateUzEZc4xXGWlQpaa,https://api.spotify.com/v1/audio-analysis/73ptateUzEZc4xXGWlQpaa,232907,3
0.626,0.683,11,-5.548,0,0.0312,0.0878,0.000155,0.286,0.673,97.997,audio_features,6ULXR7Y3NSKyMmBrOI42nb,spotify:track:6ULXR7Y3NSKyMmBrOI42nb,https://api.spotify.com/v1/tracks/6ULXR7Y3NSKyMmBrOI42nb,https://api.spotify.com/v1/audio-analysis/6ULXR7Y3NSKyMmBrOI42nb,164627,4
0.552,0.917,7,-3.242,1,0.166,0.096,3.54e-05,0.112,0.771,176.814,audio_features,0w85Ccseg5ntr73w1DxWYE,spotify:track:0w85Ccseg5ntr73w1DxWYE,https://api.spotify.com/v1/tracks/0w85Ccseg5ntr73w1DxWYE,https://api.spotify.com/v1/audio-analysis/0w85Ccseg5ntr73w1DxWYE,181533,4
0.665,0.662,0,-5.297,1,0.0448,0.0652,0.000181,0.283,0.241,115.925,audio_features,2OOIyMjLbrLMeg2EXShcOh,spotify:track:2OOIyMjLbrLMeg2EXShcOh,https://api.spotify.com/v1/tracks/2OOIyMjLbrLMeg2EXShcOh,https://api.spotify.com/v1/audio-analysis/2OOIyMjLbrLMeg2EXShcOh,355480,4
0.529,0.709,10,-6.735,1,0.0339,0.00246,0.13,0.0796,0.379,105.002,audio_features,31GH5YKy2EkyKAp8XgFJhY,spotify:track:31GH5YKy2EkyKAp8XgFJhY,https://api.spotify.com/v1/tracks/31GH5YKy2EkyKAp8XgFJhY,https://api.spotify.com/v1/audio-analysis/31GH5YKy2EkyKAp8XgFJhY,340707,4
0.554,0.922,5,-3.895,1,0.0998,0.0193,0.000849,0.0672,0.559,168.055,audio_features,1ypxlH0Ay2kjsyuHEHJsLF,spotify:track:1ypxlH0Ay2kjsyuHEHJsLF,https://api.spotify.com/v1/tracks/1ypxlH0Ay2kjsyuHEHJsLF,https://api.spotify.com/v1/audio-analysis/1ypxlH0Ay2kjsyuHEHJsLF,263547,4
0.334,0.525,2,-7.133,1,0.0352,0.0223,0.761,0.0806,0.385,170.222,audio_features,4NyqwUUUkoN63rAgE8hY77,spotify:track:4NyqwUUUkoN63rAgE8hY77,https://api.spotify.com/v1/tracks/4NyqwUUUkoN63rAgE8hY77,https://api.spotify.com/v1/audio-analysis/4NyqwUUUkoN63rAgE8hY77,325427,4
0.591,0.885,0,-5.728,1,0.0355,0.000488,0.000581,0.142,0.528,125.009,audio_features,06VY2GMqAcZKyF3LZb4bXs,spotify:track:06VY2GMqAcZKyF3LZb4bXs,https://api.spotify.com/v1/tracks/06VY2GMqAcZKyF3LZb4bXs,https://api.spotify.com/v1/audio-analysis/06VY2GMqAcZKyF3LZb4bXs,296413,4
0.599,0.776,10,-6.667,1,0.0754,0.23,0.00231,0.227,0.596,128.035,audio_features,5YHAHZJLVL2BFPDPh2ulYR,spotify:track:5YHAHZJLVL2BFPDPh2ulYR,https://api.spotify.com/v1/tracks/5YHAHZJLVL2BFPDPh2ulYR,https://api.spotify.com/v1/audio-analysis/5YHAHZJLVL2BFPDPh2ulYR,258867,4
0.55,0.861,2,-3.974,1,0.0525,0.00056,0.00597,0.0816,0.797,90.975,audio_features,4bli6uyPanbB5HzRTbKeDF,spotify:track:4bli6uyPanbB5HzRTbKeDF,https://api.spotify.com/v1/tracks/4bli6uyPanbB5HzRTbKeDF,https://api.spotify.com/v1/audio-analysis/4bli6uyPanbB5HzRTbKeDF,185520,4
0.59,0.843,4,-4.643,1,0.0312,0.000175,0.597,0.122,0.505,133.02,audio_features,1AhLmSV0uOFvLIyrGO2zJc,spotify:track:1AhLmSV0uOFvLIyrGO2zJc,https://api.spotify.com/v1/tracks/1AhLmSV0uOFvLIyrGO2zJc,https://api.spotify.com/v1/audio-analysis/1AhLmSV0uOFvLIyrGO2zJc,232227,4
0.552,0.425,10,-10.444,1,0.0304,0.559,0.928,0.201,0.268,110.294,audio_features,70IIrKoDLyQK7vSGqHIHRf,spotify:track:70IIrKoDLyQK7vSGqHIHRf,https://api.spotify.com/v1/tracks/70IIrKoDLyQK7vSGqHIHRf,https://api.spotify.com/v1/audio-analysis/70IIrKoDLyQK7vSGqHIHRf,204480,4
0.659,0.906,7,-3.906,0,0.0428,0.156,3.27e-06,0.105,0.792,94.997,audio_features,5jJ69cMDMC0aeWPjZo6VP2,spotify:track:5jJ69cMDMC0aeWPjZo6VP2,https://api.spotify.com/v1/tracks/5jJ69cMDMC0aeWPjZo6VP2,https://api.spotify.com/v1/audio-analysis/5jJ69cMDMC0aeWPjZo6VP2,187720,4
0.619,0.638,7,-7.145,0,0.0286,0.00757,1.62e-05,0.104,0.585,75.224,audio_features,6Tg01shiUHr2dAqBpX2fs0,spotify:track:6Tg01shiUHr2dAqBpX2fs0,https://api.spotify.com/v1/tracks/6Tg01shiUHr2dAqBpX2fs0,https://api.spotify.com/v1/audio-analysis/6Tg01shiUHr2dAqBpX2fs0,283733,4
0.681,0.822,9,-5.682,0,0.0483,0.0138,0.000339,0.08,0.878,105,audio_features,2eg60uMsbVEKug2UFn9AoT,spotify:track:2eg60uMsbVEKug2UFn9AoT,https://api.spotify.com/v1/tracks/2eg60uMsbVEKug2UFn9AoT,https://api.spotify.com/v1/audio-analysis/2eg60uMsbVEKug2UFn9AoT,221947,4
0.651,0.819,2,-4.405,1,0.0379,0.0595,0.00297,0.144,0.773,96.532,audio_features,5lGmCFgnNcmQJjMdaH0J8M,spotify:track:5lGmCFgnNcmQJjMdaH0J8M,https://api.spotify.com/v1/tracks/5lGmCFgnNcmQJjMdaH0J8M,https://api.spotify.com/v1/audio-analysis/5lGmCFgnNcmQJjMdaH0J8M,176493,4
0.65,0.957,9,-3.4,0,0.0439,0.0102,0.0125,0.193,0.877,128.009,audio_features,5o5R70FLhegu7hpsTHAybE,spotify:track:5o5R70FLhegu7hpsTHAybE,https://api.spotify.com/v1/tracks/5o5R70FLhegu7hpsTHAybE,https://api.spotify.com/v1/audio-analysis/5o5R70FLhegu7hpsTHAybE,370387,4
0.557,0.505,4,-6.805,0,0.0273,0.0769,0.0243,0.0909,0.463,108.166,audio_features,0Cxg39M3SbTeHKtCTWCMTg,spotify:track:0Cxg39M3SbTeHKtCTWCMTg,https://api.spotify.com/v1/tracks/0Cxg39M3SbTeHKtCTWCMTg,https://api.spotify.com/v1/audio-analysis/0Cxg39M3SbTeHKtCTWCMTg,210933,3
0.553,0.848,2,-5.12,1,0.025,0.0148,0.00346,0.313,0.85,88.529,audio_features,0FPzXjXZo55aGMTaK5Ltgy,spotify:track:0FPzXjXZo55aGMTaK5Ltgy,https://api.spotify.com/v1/tracks/0FPzXjXZo55aGMTaK5Ltgy,https://api.spotify.com/v1/audio-analysis/0FPzXjXZo55aGMTaK5Ltgy,210853,4
0.396,0.949,2,-2.842,1,0.0637,0.0159,0.000789,0.0899,0.661,88.435,audio_features,7yrICac2g1HLXMh4QUOWng,spotify:track:7yrICac2g1HLXMh4QUOWng,https://api.spotify.com/v1/tracks/7yrICac2g1HLXMh4QUOWng,https://api.spotify.com/v1/audio-analysis/7yrICac2g1HLXMh4QUOWng,243120,4
0.588,0.772,10,-6.05,1,0.0429,0.255,0.102,0.111,0.641,132.307,audio_features,2KqrlWhsVrSwZpzsUlsf22,spotify:track:2KqrlWhsVrSwZpzsUlsf22,https://api.spotify.com/v1/tracks/2KqrlWhsVrSwZpzsUlsf22,https://api.spotify.com/v1/audio-analysis/2KqrlWhsVrSwZpzsUlsf22,213867,4
0.333,0.579,4,-5.924,0,0.0489,0.2,5.94e-06,0.131,0.678,75.431,audio_features,5CJ7vwKp7SZW9VGYM13nSb,spotify:track:5CJ7vwKp7SZW9VGYM13nSb,https://api.spotify.com/v1/tracks/5CJ7vwKp7SZW9VGYM13nSb,https://api.spotify.com/v1/audio-analysis/5CJ7vwKp7SZW9VGYM13nSb,210987,4
0.618,0.451,2,-8.172,1,0.0821,0.139,0,0.11,0.375,137.031,audio_features,1mEGwePg2o0TOiDksyf8Qf,spotify:track:1mEGwePg2o0TOiDksyf8Qf,https://api.spotify.com/v1/tracks/1mEGwePg2o0TOiDksyf8Qf,https://api.spotify.com/v1/audio-analysis/1mEGwePg2o0TOiDksyf8Qf,77120,4
0.452,0.817,7,-5.478,1,0.0482,0.0462,0.12,0.153,0.513,155.103,audio_features,1Uo8Bm1wMN7F1YtbmcZ5oH,spotify:track:1Uo8Bm1wMN7F1YtbmcZ5oH,https://api.spotify.com/v1/tracks/1Uo8Bm1wMN7F1YtbmcZ5oH,https://api.spotify.com/v1/audio-analysis/1Uo8Bm1wMN7F1YtbmcZ5oH,220667,4
0.589,0.9,0,-3.376,1,0.0296,0.0323,0,0.32,0.723,95,audio_features,2zc8bzU9Eg498tbPRdobCl,spotify:track:2zc8bzU9Eg498tbPRdobCl,https://api.spotify.com/v1/tracks/2zc8bzU9Eg498tbPRdobCl,https://api.spotify.com/v1/audio-analysis/2zc8bzU9Eg498tbPRdobCl,264613,4
0.449,0.562,0,-6.322,1,0.0347,0.0415,0.885,0.105,0.346,120.964,audio_features,77DqRxc6Bkh7YyW25OPyze,spotify:track:77DqRxc6Bkh7YyW25OPyze,https://api.spotify.com/v1/tracks/77DqRxc6Bkh7YyW25OPyze,https://api.spotify.com/v1/audio-analysis/77DqRxc6Bkh7YyW25OPyze,322520,4
0.37,0.862,11,-5.413,0,0.235,0.0057,0.0325,0.11,0.556,200.917,audio_features,47UsZiH2ul5QWjaY2aPbEK,spotify:track:47UsZiH2ul5QWjaY2aPbEK,https://api.spotify.com/v1/tracks/47UsZiH2ul5QWjaY2aPbEK,https://api.spotify.com/v1/audio-analysis/47UsZiH2ul5QWjaY2aPbEK,210813,3
0.639,0.903,11,-5.013,0,0.0371,0.00963,7.06e-05,0.174,0.96,135.938,audio_features,0Fe3WxeO6lZZxj7ytvbDUh,spotify:track:0Fe3WxeO6lZZxj7ytvbDUh,https://api.spotify.com/v1/tracks/0Fe3WxeO6lZZxj7ytvbDUh,https://api.spotify.com/v1/audio-analysis/0Fe3WxeO6lZZxj7ytvbDUh,246173,4
0.632,0.7,7,-5.732,1,0.0349,0.000225,1.87e-05,0.395,0.686,172.02,audio_features,5BzQvpJt4C90POnaTNaToM,spotify:track:5BzQvpJt4C90POnaTNaToM,https://api.spotify.com/v1/tracks/5BzQvpJt4C90POnaTNaToM,https://api.spotify.com/v1/audio-analysis/5BzQvpJt4C90POnaTNaToM,274613,4
0.498,0.898,7,-3.672,1,0.0413,0.00495,0,0.352,0.914,136.527,audio_features,5seoy3lNHpqtnBNnqdYoPF,spotify:track:5seoy3lNHpqtnBNnqdYoPF,https://api.spotify.com/v1/tracks/5seoy3lNHpqtnBNnqdYoPF,https://api.spotify.com/v1/audio-analysis/5seoy3lNHpqtnBNnqdYoPF,177827,4
0.59,0.954,9,-4.679,0,0.0726,0.16,0.000242,0.159,0.718,129.979,audio_features,55N59YgXzLKyVKrqfnTjJV,spotify:track:55N59YgXzLKyVKrqfnTjJV,https://api.spotify.com/v1/tracks/55N59YgXzLKyVKrqfnTjJV,https://api.spotify.com/v1/audio-analysis/55N59YgXzLKyVKrqfnTjJV,334373,4
0.71,0.698,2,-5.797,1,0.0332,0.0697,0,0.478,0.852,104.007,audio_features,4asjU3sDnn3002bTJIg2vZ,spotify:track:4asjU3sDnn3002bTJIg2vZ,https://api.spotify.com/v1/tracks/4asjU3sDnn3002bTJIg2vZ,https://api.spotify.com/v1/audio-analysis/4asjU3sDnn3002bTJIg2vZ,264813,4
0.674,0.976,2,-2.651,0,0.0363,0.163,0,0.361,0.674,117.528,audio_features,1txsP5vvCg4S13iHiOfusf,spotify:track:1txsP5vvCg4S13iHiOfusf,https://api.spotify.com/v1/tracks/1txsP5vvCg4S13iHiOfusf,https://api.spotify.com/v1/audio-analysis/1txsP5vvCg4S13iHiOfusf,220373,4
0.458,0.747,7,-4.92,1,0.039,0.00329,5.34e-06,0.0817,0.493,104.913,audio_features,3ydXDfJ7hRPAKePR1l0IGZ,spotify:track:3ydXDfJ7hRPAKePR1l0IGZ,https://api.spotify.com/v1/tracks/3ydXDfJ7hRPAKePR1l0IGZ,https://api.spotify.com/v1/audio-analysis/3ydXDfJ7hRPAKePR1l0IGZ,269053,4
0.677,0.778,4,-4.62,0,0.0323,0.0298,0,0.36,0.954,95.96,audio_features,2EXgWG1du5tRQDjybnZZLn,spotify:track:2EXgWG1du5tRQDjybnZZLn,https://api.spotify.com/v1/tracks/2EXgWG1du5tRQDjybnZZLn,https://api.spotify.com/v1/audio-analysis/2EXgWG1du5tRQDjybnZZLn,236373,4
0.616,0.462,0,-9.135,1,0.0271,0.279,0.00473,0.153,0.23,101.983,audio_features,1UR0lWHLSCx2naiD7bq9FW,spotify:track:1UR0lWHLSCx2naiD7bq9FW,https://api.spotify.com/v1/tracks/1UR0lWHLSCx2naiD7bq9FW,https://api.spotify.com/v1/audio-analysis/1UR0lWHLSCx2naiD7bq9FW,284187,4
0.559,0.817,11,-5.802,0,0.125,0.026,0.000271,0.374,0.68,89.951,audio_features,6KwcYhu7U4GcwzquO3BSQs,spotify:track:6KwcYhu7U4GcwzquO3BSQs,https://api.spotify.com/v1/tracks/6KwcYhu7U4GcwzquO3BSQs,https://api.spotify.com/v1/audio-analysis/6KwcYhu7U4GcwzquO3BSQs,266320,4
0.305,0.613,9,-4.652,0,0.047,0.00708,0.00245,0.121,0.547,183.992,audio_features,3oNNoQOCA81S0SBkn8Hs7l,spotify:track:3oNNoQOCA81S0SBkn8Hs7l,https://api.spotify.com/v1/tracks/3oNNoQOCA81S0SBkn8Hs7l,https://api.spotify.com/v1/audio-analysis/3oNNoQOCA81S0SBkn8Hs7l,507160,4
0.676,0.891,9,-5.732,1,0.0267,0.0248,0.00787,0.571,0.845,110.174,audio_features,2RE9Gd19VKNpwZ8dz7yuDE,spotify:track:2RE9Gd19VKNpwZ8dz7yuDE,https://api.spotify.com/v1/tracks/2RE9Gd19VKNpwZ8dz7yuDE,https://api.spotify.com/v1/audio-analysis/2RE9Gd19VKNpwZ8dz7yuDE,222147,4
0.531,0.984,11,-1.678,0,0.0492,0.0429,0.000194,0.235,0.639,132.008,audio_features,4RPEQlksMlglkqvfDUeE2C,spotify:track:4RPEQlksMlglkqvfDUeE2C,https://api.spotify.com/v1/tracks/4RPEQlksMlglkqvfDUeE2C,https://api.spotify.com/v1/audio-analysis/4RPEQlksMlglkqvfDUeE2C,239720,4
0.352,0.764,7,-6.214,1,0.0522,0.122,4.13e-05,0.816,0.535,164.831,audio_features,2OOPz8wZMeU6LvtkbuUivn,spotify:track:2OOPz8wZMeU6LvtkbuUivn,https://api.spotify.com/v1/tracks/2OOPz8wZMeU6LvtkbuUivn,https://api.spotify.com/v1/audio-analysis/2OOPz8wZMeU6LvtkbuUivn,325400,4
0.371,0.886,7,-4.926,1,0.0346,0.0732,0.00991,0.945,0.602,95.727,audio_features,4cr7fuS36WkfFXb4Lt6DIJ,spotify:track:4cr7fuS36WkfFXb4Lt6DIJ,https://api.spotify.com/v1/tracks/4cr7fuS36WkfFXb4Lt6DIJ,https://api.spotify.com/v1/audio-analysis/4cr7fuS36WkfFXb4Lt6DIJ,218867,4
0.645,0.498,7,-11.231,1,0.025,0.624,0.011,0.684,0.844,94.057,audio_features,0C3j9mSQhiePn9nljEjP1D,spotify:track:0C3j9mSQhiePn9nljEjP1D,https://api.spotify.com/v1/tracks/0C3j9mSQhiePn9nljEjP1D,https://api.spotify.com/v1/audio-analysis/0C3j9mSQhiePn9nljEjP1D,119867,4
0.515,0.536,4,-8.797,1,0.0332,0.0519,0.0672,0.791,0.592,110.718,audio_features,3qGMykHcjGcsIRj35fUoS7,spotify:track:3qGMykHcjGcsIRj35fUoS7,https://api.spotify.com/v1/tracks/3qGMykHcjGcsIRj35fUoS7,https://api.spotify.com/v1/audio-analysis/3qGMykHcjGcsIRj35fUoS7,216427,4
0.473,0.613,2,-8.431,1,0.116,0.281,0.000283,0.795,0.542,122.155,audio_features,5JxwsDnBOTlnBvgb7gw98r,spotify:track:5JxwsDnBOTlnBvgb7gw98r,https://api.spotify.com/v1/tracks/5JxwsDnBOTlnBvgb7gw98r,https://api.spotify.com/v1/audio-analysis/5JxwsDnBOTlnBvgb7gw98r,291440,4
0.476,0.692,4,-7.549,0,0.0346,0.0404,0.658,0.687,0.507,103.627,audio_features,49ObfNOw2LjlW1KeMKa7XQ,spotify:track:49ObfNOw2LjlW1KeMKa7XQ,https://api.spotify.com/v1/tracks/49ObfNOw2LjlW1KeMKa7XQ,https://api.spotify.com/v1/audio-analysis/49ObfNOw2LjlW1KeMKa7XQ,384027,4
0.374,0.956,11,-6.071,0,0.0926,0.0023,0.26,0.95,0.454,124.109,audio_features,1eyQ58phnlbaoyLSWcma6Q,spotify:track:1eyQ58phnlbaoyLSWcma6Q,https://api.spotify.com/v1/tracks/1eyQ58phnlbaoyLSWcma6Q,https://api.spotify.com/v1/audio-analysis/1eyQ58phnlbaoyLSWcma6Q,450107,4
0.404,0.34,0,-13.199,1,0.0309,0.81,0.0218,0.712,0.102,139.359,audio_features,04yxmrf87opUJcxXpXpQCQ,spotify:track:04yxmrf87opUJcxXpXpQCQ,https://api.spotify.com/v1/tracks/04yxmrf87opUJcxXpXpQCQ,https://api.spotify.com/v1/audio-analysis/04yxmrf87opUJcxXpXpQCQ,184360,3
0.425,0.627,7,-8.822,1,0.0313,0.0203,0.11,0.713,0.523,107.134,audio_features,6gy2A4FH3wtv2Pgyc3MdBs,spotify:track:6gy2A4FH3wtv2Pgyc3MdBs,https://api.spotify.com/v1/tracks/6gy2A4FH3wtv2Pgyc3MdBs,https://api.spotify.com/v1/audio-analysis/6gy2A4FH3wtv2Pgyc3MdBs,241707,4
0.69,0.553,5,-14.031,1,0.0318,0.406,0.0773,0.788,0.821,94.135,audio_features,6K5bFg5C8kasbgUPYgPucG,spotify:track:6K5bFg5C8kasbgUPYgPucG,https://api.spotify.com/v1/tracks/6K5bFg5C8kasbgUPYgPucG,https://api.spotify.com/v1/audio-analysis/6K5bFg5C8kasbgUPYgPucG,300827,4
0,0.475,1,-4.701,1,0,0.0131,0.0908,0.399,0,0,audio_features,5nKe9PgCtEhqdnvXAQIBhF,spotify:track:5nKe9PgCtEhqdnvXAQIBhF,https://api.spotify.com/v1/tracks/5nKe9PgCtEhqdnvXAQIBhF,https://api.spotify.com/v1/audio-analysis/5nKe9PgCtEhqdnvXAQIBhF,9867,0
0.523,0.477,6,-9.076,1,0.0254,0.0961,0.000106,0.101,0.249,76.973,audio_features,5op53ANI4exiWqFHKuwWxd,spotify:track:5op53ANI4exiWqFHKuwWxd,https://api.spotify.com/v1/tracks/5op53ANI4exiWqFHKuwWxd,https://api.spotify.com/v1/audio-analysis/5op53ANI4exiWqFHKuwWxd,272507,4
0.649,0.888,6,-4.807,1,0.0293,0.013,2.23e-06,0.0888,0.553,100.975,audio_features,2lwwrWVKdf3LR9lbbhnr6R,spotify:track:2lwwrWVKdf3LR9lbbhnr6R,https://api.spotify.com/v1/tracks/2lwwrWVKdf3LR9lbbhnr6R,https://api.spotify.com/v1/audio-analysis/2lwwrWVKdf3LR9lbbhnr6R,208467,4
0.646,0.964,7,-3.177,1,0.0369,0.0407,3.65e-06,0.293,0.747,95.479,audio_features,4ToYlykhwpW98KtMIGnWQK,spotify:track:4ToYlykhwpW98KtMIGnWQK,https://api.spotify.com/v1/tracks/4ToYlykhwpW98KtMIGnWQK,https://api.spotify.com/v1/audio-analysis/4ToYlykhwpW98KtMIGnWQK,224333,4
0,0.22,3,-14.549,0,0,0.926,0.0232,0.218,0,0,audio_features,5OyurLkQVrXM7I33eiF696,spotify:track:5OyurLkQVrXM7I33eiF696,https://api.spotify.com/v1/tracks/5OyurLkQVrXM7I33eiF696,https://api.spotify.com/v1/audio-analysis/5OyurLkQVrXM7I33eiF696,12933,0
0.521,0.931,2,-4.549,1,0.0654,0.00575,0,0.243,0.816,170.048,audio_features,72zsr1jSMnaMPtl713jXeJ,spotify:track:72zsr1jSMnaMPtl713jXeJ,https://api.spotify.com/v1/tracks/72zsr1jSMnaMPtl713jXeJ,https://api.spotify.com/v1/audio-analysis/72zsr1jSMnaMPtl713jXeJ,229867,4
0.405,0.931,11,-4.459,0,0.0498,0.00594,0.107,0.673,0.655,187.159,audio_features,1UnB75lnUCGkgru3tEsQYY,spotify:track:1UnB75lnUCGkgru3tEsQYY,https://api.spotify.com/v1/tracks/1UnB75lnUCGkgru3tEsQYY,https://api.spotify.com/v1/audio-analysis/1UnB75lnUCGkgru3tEsQYY,177067,4
0.622,0.413,8,-9.975,1,0.0457,0.0839,0.00235,0.131,0.52,130.166,audio_features,27QCaXOhT6qY0NT6tv5IZ6,spotify:track:27QCaXOhT6qY0NT6tv5IZ6,https://api.spotify.com/v1/tracks/27QCaXOhT6qY0NT6tv5IZ6,https://api.spotify.com/v1/audio-analysis/27QCaXOhT6qY0NT6tv5IZ6,254667,4
0.47,0.635,7,-5.716,0,0.0446,0.779,0,0.562,0.913,210.025,audio_features,5b9lH8ThEcXGWsBM3TqAi5,spotify:track:5b9lH8ThEcXGWsBM3TqAi5,https://api.spotify.com/v1/tracks/5b9lH8ThEcXGWsBM3TqAi5,https://api.spotify.com/v1/audio-analysis/5b9lH8ThEcXGWsBM3TqAi5,139307,4
0.655,0.883,0,-4.913,1,0.0443,0.00165,0.00813,0.0472,0.69,123,audio_features,7mKkJuVgkR72ozJGvJOTHP,spotify:track:7mKkJuVgkR72ozJGvJOTHP,https://api.spotify.com/v1/tracks/7mKkJuVgkR72ozJGvJOTHP,https://api.spotify.com/v1/audio-analysis/7mKkJuVgkR72ozJGvJOTHP,250093,4
0.458,0.836,7,-6.146,0,0.0479,0.00384,0,0.365,0.417,173.839,audio_features,604fgWYaIUfr9UtBe9bj1p,spotify:track:604fgWYaIUfr9UtBe9bj1p,https://api.spotify.com/v1/tracks/604fgWYaIUfr9UtBe9bj1p,https://api.spotify.com/v1/audio-analysis/604fgWYaIUfr9UtBe9bj1p,155200,4
0.111,0.0792,2,-15.796,1,0.0377,0.17,0.877,0.101,0.34,89.658,audio_features,0SCJXZZKUHgbWmUkhCpA9H,spotify:track:0SCJXZZKUHgbWmUkhCpA9H,https://api.spotify.com/v1/tracks/0SCJXZZKUHgbWmUkhCpA9H,https://api.spotify.com/v1/audio-analysis/0SCJXZZKUHgbWmUkhCpA9H,58893,4
0.401,0.307,7,-14.729,1,0.0301,0.204,0.23,0.129,0.525,81.98,audio_features,2q5zd5u4A4JzAbes2VDPjk,spotify:track:2q5zd5u4A4JzAbes2VDPjk,https://api.spotify.com/v1/tracks/2q5zd5u4A4JzAbes2VDPjk,https://api.spotify.com/v1/audio-analysis/2q5zd5u4A4JzAbes2VDPjk,324973,4
0.654,0.786,0,-4.697,1,0.0879,0.132,0,0.0756,0.806,120.097,audio_features,0UhIdavKe4EQSJCTPd6wQa,spotify:track:0UhIdavKe4EQSJCTPd6wQa,https://api.spotify.com/v1/tracks/0UhIdavKe4EQSJCTPd6wQa,https://api.spotify.com/v1/audio-analysis/0UhIdavKe4EQSJCTPd6wQa,163427,4
0.461,0.675,7,-6.098,1,0.0659,0.304,0.00711,0.132,0.423,186.183,audio_features,2FgVVn5jX8lE7nSLnYKLhE,spotify:track:2FgVVn5jX8lE7nSLnYKLhE,https://api.spotify.com/v1/tracks/2FgVVn5jX8lE7nSLnYKLhE,https://api.spotify.com/v1/audio-analysis/2FgVVn5jX8lE7nSLnYKLhE,181507,4
0.691,0.551,5,-8.984,1,0.0389,0.386,0.00115,0.223,0.654,93.979,audio_features,1fBO9S4vo5cfCfRK1Ofaxa,spotify:track:1fBO9S4vo5cfCfRK1Ofaxa,https://api.spotify.com/v1/tracks/1fBO9S4vo5cfCfRK1Ofaxa,https://api.spotify.com/v1/audio-analysis/1fBO9S4vo5cfCfRK1Ofaxa,256800,4
0.607,0.456,9,-11.809,1,0.0298,0.244,0.726,0.0796,0.765,105.938,audio_features,0boXJ9srSz8k62oWedG8fK,spotify:track:0boXJ9srSz8k62oWedG8fK,https://api.spotify.com/v1/tracks/0boXJ9srSz8k62oWedG8fK,https://api.spotify.com/v1/audio-analysis/0boXJ9srSz8k62oWedG8fK,133333,4
0.302,0.585,7,-9.275,1,0.0354,0.174,3.59e-05,0.109,0.461,87.511,audio_features,1WaDSODqBI9Pd3A7vALkp0,spotify:track:1WaDSODqBI9Pd3A7vALkp0,https://api.spotify.com/v1/tracks/1WaDSODqBI9Pd3A7vALkp0,https://api.spotify.com/v1/audio-analysis/1WaDSODqBI9Pd3A7vALkp0,147773,4
0.735,0.0204,9,-19.603,1,0.0982,0.526,0.000474,0.0975,0.377,55.961,audio_features,3sUvL6zVOsXzLI58BQ1bgd,spotify:track:3sUvL6zVOsXzLI58BQ1bgd,https://api.spotify.com/v1/tracks/3sUvL6zVOsXzLI58BQ1bgd,https://api.spotify.com/v1/audio-analysis/3sUvL6zVOsXzLI58BQ1bgd,48267,4
0.383,0.377,9,-10.123,1,0.0973,0.403,0.000953,0.369,0.715,157.493,audio_features,5sARTwBXoDOD3qehZeL8fw,spotify:track:5sARTwBXoDOD3qehZeL8fw,https://api.spotify.com/v1/tracks/5sARTwBXoDOD3qehZeL8fw,https://api.spotify.com/v1/audio-analysis/5sARTwBXoDOD3qehZeL8fw,122987,4
0.327,0.515,5,-9.793,1,0.0348,0.453,0.1,0.159,0.42,92.588,audio_features,3qar5CPWNBCAo9yiJrjQsW,spotify:track:3qar5CPWNBCAo9yiJrjQsW,https://api.spotify.com/v1/tracks/3qar5CPWNBCAo9yiJrjQsW,https://api.spotify.com/v1/audio-analysis/3qar5CPWNBCAo9yiJrjQsW,176227,4
0.367,0.1,0,-17.565,1,0.0453,0.775,0.0056,0.115,0.0606,191.77,audio_features,4gCrnylGVkoeEzfGvn9egO,spotify:track:4gCrnylGVkoeEzfGvn9egO,https://api.spotify.com/v1/tracks/4gCrnylGVkoeEzfGvn9egO,https://api.spotify.com/v1/audio-analysis/4gCrnylGVkoeEzfGvn9egO,28093,5
0.488,0.503,2,-13.315,1,0.0361,0.3,0.59,0.378,0.357,89.783,audio_features,2547jBCKk9bjJwANcCYjT2,spotify:track:2547jBCKk9bjJwANcCYjT2,https://api.spotify.com/v1/tracks/2547jBCKk9bjJwANcCYjT2,https://api.spotify.com/v1/audio-analysis/2547jBCKk9bjJwANcCYjT2,181760,4
0.463,0.467,7,-9.688,1,0.0306,0.0884,0.0542,0.141,0.509,95.195,audio_features,1fxorV87isxMsQQlvkOGeI,spotify:track:1fxorV87isxMsQQlvkOGeI,https://api.spotify.com/v1/tracks/1fxorV87isxMsQQlvkOGeI,https://api.spotify.com/v1/audio-analysis/1fxorV87isxMsQQlvkOGeI,144507,4
0.146,0.299,5,-11.329,1,0.0371,0.671,0.00568,0.164,0.104,138.187,audio_features,5nnKP1opMspMTmE4txvn29,spotify:track:5nnKP1opMspMTmE4txvn29,https://api.spotify.com/v1/tracks/5nnKP1opMspMTmE4txvn29,https://api.spotify.com/v1/audio-analysis/5nnKP1opMspMTmE4txvn29,69893,4
0.278,0.762,7,-8.78,1,0.091,0.214,0.000316,0.328,0.359,155.157,audio_features,12Hs9Z0oEE7B84VbMGRNdB,spotify:track:12Hs9Z0oEE7B84VbMGRNdB,https://api.spotify.com/v1/tracks/12Hs9Z0oEE7B84VbMGRNdB,https://api.spotify.com/v1/audio-analysis/12Hs9Z0oEE7B84VbMGRNdB,186533,4
0.486,0.324,2,-16.419,1,0.0536,0.636,0.686,0.0926,0.238,131.871,audio_features,5ixu6blEg718Jy1D4V1Cf6,spotify:track:5ixu6blEg718Jy1D4V1Cf6,https://api.spotify.com/v1/tracks/5ixu6blEg718Jy1D4V1Cf6,https://api.spotify.com/v1/audio-analysis/5ixu6blEg718Jy1D4V1Cf6,146573,1
0.483,0.312,7,-8.74,1,0.159,0.941,0.564,0.183,0.418,149.737,audio_features,3V8Ga0tDUxLtOBgUkplxTY,spotify:track:3V8Ga0tDUxLtOBgUkplxTY,https://api.spotify.com/v1/tracks/3V8Ga0tDUxLtOBgUkplxTY,https://api.spotify.com/v1/audio-analysis/3V8Ga0tDUxLtOBgUkplxTY,73627,1
0.46,0.306,9,-11.254,1,0.0287,0.107,0.0786,0.199,0.26,90.056,audio_features,4vxMBTE4SLIdJUcwlfMTBG,spotify:track:4vxMBTE4SLIdJUcwlfMTBG,https://api.spotify.com/v1/tracks/4vxMBTE4SLIdJUcwlfMTBG,https://api.spotify.com/v1/audio-analysis/4vxMBTE4SLIdJUcwlfMTBG,157120,4
0.251,0.548,0,-6.553,1,0.0338,0.959,4.54e-05,0.0928,0.405,89.73,audio_features,7BlUVki3KTJyM3vlgTWnyr,spotify:track:7BlUVki3KTJyM3vlgTWnyr,https://api.spotify.com/v1/tracks/7BlUVki3KTJyM3vlgTWnyr,https://api.spotify.com/v1/audio-analysis/7BlUVki3KTJyM3vlgTWnyr,72440,5
0.292,0.012,0,-10.763,1,0.0382,0.994,0.905,0.0646,0.301,82.513,audio_features,6pVPv5nX8u8uEfQApdm91Q,spotify:track:6pVPv5nX8u8uEfQApdm91Q,https://api.spotify.com/v1/tracks/6pVPv5nX8u8uEfQApdm91Q,https://api.spotify.com/v1/audio-analysis/6pVPv5nX8u8uEfQApdm91Q,69227,4
0.739,0.363,2,-17.888,1,0.884,0.994,0.501,0.11,0.727,81.324,audio_features,5N5fiwj4ZYv9F3sKoIFzC6,spotify:track:5N5fiwj4ZYv9F3sKoIFzC6,https://api.spotify.com/v1/tracks/5N5fiwj4ZYv9F3sKoIFzC6,https://api.spotify.com/v1/audio-analysis/5N5fiwj4ZYv9F3sKoIFzC6,31853,1
0.477,0.673,8,-7.878,1,0.362,0.98,3.24e-06,0.61,0.487,102.885,audio_features,0LwnKEfgfhpFMYT6Lac1NH,spotify:track:0LwnKEfgfhpFMYT6Lac1NH,https://api.spotify.com/v1/tracks/0LwnKEfgfhpFMYT6Lac1NH,https://api.spotify.com/v1/audio-analysis/0LwnKEfgfhpFMYT6Lac1NH,30240,4
0.541,0.577,11,-7.795,1,0.0617,0.976,0.0749,0.274,0.927,104.986,audio_features,2fuyvgZWygTNGxxsR6ECVm,spotify:track:2fuyvgZWygTNGxxsR6ECVm,https://api.spotify.com/v1/tracks/2fuyvgZWygTNGxxsR6ECVm,https://api.spotify.com/v1/audio-analysis/2fuyvgZWygTNGxxsR6ECVm,30067,3
0.662,0.922,0,-6.432,1,0.866,0.992,0.91,0.466,0.669,81.832,audio_features,2VtJIDBftrm6D3LD29Cy40,spotify:track:2VtJIDBftrm6D3LD29Cy40,https://api.spotify.com/v1/tracks/2VtJIDBftrm6D3LD29Cy40,https://api.spotify.com/v1/audio-analysis/2VtJIDBftrm6D3LD29Cy40,28320,4
0.37,0.444,11,-8.299,1,0.0485,0.929,0.267,0.11,0.499,97.921,audio_features,4FLlGQ6lstJxjYnkheIXPX,spotify:track:4FLlGQ6lstJxjYnkheIXPX,https://api.spotify.com/v1/tracks/4FLlGQ6lstJxjYnkheIXPX,https://api.spotify.com/v1/audio-analysis/4FLlGQ6lstJxjYnkheIXPX,79533,4
0.536,0.567,7,-7.512,1,0.113,0.326,1.87e-05,0.109,0.433,82.191,audio_features,7Gi8kaILAUgjYqgdee9410,spotify:track:7Gi8kaILAUgjYqgdee9410,https://api.spotify.com/v1/tracks/7Gi8kaILAUgjYqgdee9410,https://api.spotify.com/v1/audio-analysis/7Gi8kaILAUgjYqgdee9410,238493,4
0.395,0.443,4,-7.972,1,0.0396,0.431,0.0352,0.504,0.714,103.262,audio_features,1pPqVrG2RCHXx81Aw4xp99,spotify:track:1pPqVrG2RCHXx81Aw4xp99,https://api.spotify.com/v1/tracks/1pPqVrG2RCHXx81Aw4xp99,https://api.spotify.com/v1/audio-analysis/1pPqVrG2RCHXx81Aw4xp99,259840,4
0.246,0.826,9,-3.505,1,0.059,0.00808,7.7e-06,0.0675,0.24,192.578,audio_features,3tuC2PqYsBplcBKKbl4X10,spotify:track:3tuC2PqYsBplcBKKbl4X10,https://api.spotify.com/v1/tracks/3tuC2PqYsBplcBKKbl4X10,https://api.spotify.com/v1/audio-analysis/3tuC2PqYsBplcBKKbl4X10,302733,4
0.517,0.359,9,-10.166,1,0.032,0.73,0.207,0.314,0.141,123.848,audio_features,1cQqX6dPyzsP8TCeT0auEu,spotify:track:1cQqX6dPyzsP8TCeT0auEu,https://api.spotify.com/v1/tracks/1cQqX6dPyzsP8TCeT0auEu,https://api.spotify.com/v1/audio-analysis/1cQqX6dPyzsP8TCeT0auEu,152000,4
0.732,0.812,1,-5.42,1,0.0354,0.0132,0.0151,0.0577,0.825,122.675,audio_features,1EbUYOmJkqKgUYgC2OI7Tc,spotify:track:1EbUYOmJkqKgUYgC2OI7Tc,https://api.spotify.com/v1/tracks/1EbUYOmJkqKgUYgC2OI7Tc,https://api.spotify.com/v1/audio-analysis/1EbUYOmJkqKgUYgC2OI7Tc,194360,4
0.413,0.71,4,-6.054,1,0.051,0.0206,0.000493,0.649,0.709,139.9,audio_features,6z5oU2wt2QRE0G95F6XHoh,spotify:track:6z5oU2wt2QRE0G95F6XHoh,https://api.spotify.com/v1/tracks/6z5oU2wt2QRE0G95F6XHoh,https://api.spotify.com/v1/audio-analysis/6z5oU2wt2QRE0G95F6XHoh,174440,4
0.562,0.514,11,-9.066,0,0.0232,0.31,0.706,0.107,0.257,83.877,audio_features,3knvtUJiuDs1WZsbrR1puY,spotify:track:3knvtUJiuDs1WZsbrR1puY,https://api.spotify.com/v1/tracks/3knvtUJiuDs1WZsbrR1puY,https://api.spotify.com/v1/audio-analysis/3knvtUJiuDs1WZsbrR1puY,300933,4
0.313,0.739,11,-4.873,0,0.0408,0.0301,0.000124,0.334,0.437,66.449,audio_features,0HgTYw2jY3sz8rYG0RpI3f,spotify:track:0HgTYw2jY3sz8rYG0RpI3f,https://api.spotify.com/v1/tracks/0HgTYw2jY3sz8rYG0RpI3f,https://api.spotify.com/v1/audio-analysis/0HgTYw2jY3sz8rYG0RpI3f,141800,4
0.367,0.776,4,-6.878,0,0.105,0.404,0.0103,0.199,0.263,74.613,audio_features,4S6jCIsUpnOu79uWPjvaAf,spotify:track:4S6jCIsUpnOu79uWPjvaAf,https://api.spotify.com/v1/tracks/4S6jCIsUpnOu79uWPjvaAf,https://api.spotify.com/v1/audio-analysis/4S6jCIsUpnOu79uWPjvaAf,525733,4
0.583,0.363,7,-6.16,1,0.028,0.658,0,0.138,0.635,99.796,audio_features,20iMumN7WDTDWgY0c3UvCB,spotify:track:20iMumN7WDTDWgY0c3UvCB,https://api.spotify.com/v1/tracks/20iMumN7WDTDWgY0c3UvCB,https://api.spotify.com/v1/audio-analysis/20iMumN7WDTDWgY0c3UvCB,104400,4
0.588,0.793,11,-5.77,0,0.0363,0.0775,8.43e-05,0.133,0.682,126.67,audio_features,5gtjm4ZrsGUGUwzXsB4zCw,spotify:track:5gtjm4ZrsGUGUwzXsB4zCw,https://api.spotify.com/v1/tracks/5gtjm4ZrsGUGUwzXsB4zCw,https://api.spotify.com/v1/audio-analysis/5gtjm4ZrsGUGUwzXsB4zCw,181267,4
0.561,0.706,0,-7.389,1,0.0627,0.0449,0.0152,0.2,0.537,112.561,audio_features,28lW1wU0m8ZpIGE6UZNmUj,spotify:track:28lW1wU0m8ZpIGE6UZNmUj,https://api.spotify.com/v1/tracks/28lW1wU0m8ZpIGE6UZNmUj,https://api.spotify.com/v1/audio-analysis/28lW1wU0m8ZpIGE6UZNmUj,227333,4
0.481,0.374,2,-7.056,1,0.0305,0.832,1.24e-05,0.0937,0.334,131.113,audio_features,2oe4wyycSHGBXGIaY4Fll5,spotify:track:2oe4wyycSHGBXGIaY4Fll5,https://api.spotify.com/v1/tracks/2oe4wyycSHGBXGIaY4Fll5,https://api.spotify.com/v1/audio-analysis/2oe4wyycSHGBXGIaY4Fll5,197907,4
0.472,0.571,11,-7.788,0,0.026,0.097,0.118,0.35,0.141,129.015,audio_features,7JVJnw38D5TblpI25uwwUm,spotify:track:7JVJnw38D5TblpI25uwwUm,https://api.spotify.com/v1/tracks/7JVJnw38D5TblpI25uwwUm,https://api.spotify.com/v1/audio-analysis/7JVJnw38D5TblpI25uwwUm,390427,4
0.404,0.857,11,-5.278,0,0.0548,0.000535,0.195,0.0994,0.54,165.843,audio_features,5JIdzOHynj0wI8tpvd15Ug,spotify:track:5JIdzOHynj0wI8tpvd15Ug,https://api.spotify.com/v1/tracks/5JIdzOHynj0wI8tpvd15Ug,https://api.spotify.com/v1/audio-analysis/5JIdzOHynj0wI8tpvd15Ug,134240,4
0.389,0.712,7,-6.275,1,0.0645,0.0385,1.31e-05,0.0678,0.896,182.89,audio_features,0iyvEYrbUWOa2eMcj4XuGz,spotify:track:0iyvEYrbUWOa2eMcj4XuGz,https://api.spotify.com/v1/tracks/0iyvEYrbUWOa2eMcj4XuGz,https://api.spotify.com/v1/audio-analysis/0iyvEYrbUWOa2eMcj4XuGz,203667,4
0.484,0.75,7,-6.11,1,0.0611,0.00819,0.000146,0.104,0.48,100.27,audio_features,6chJN3uEWTwhNoYhx11vD3,spotify:track:6chJN3uEWTwhNoYhx11vD3,https://api.spotify.com/v1/tracks/6chJN3uEWTwhNoYhx11vD3,https://api.spotify.com/v1/audio-analysis/6chJN3uEWTwhNoYhx11vD3,279200,4
0.475,0.8,11,-5.746,1,0.0418,0.817,0.519,0.327,0.355,115.424,audio_features,4obLH3jJbGekYYvon0pYlS,spotify:track:4obLH3jJbGekYYvon0pYlS,https://api.spotify.com/v1/tracks/4obLH3jJbGekYYvon0pYlS,https://api.spotify.com/v1/audio-analysis/4obLH3jJbGekYYvon0pYlS,199307,4
0.333,0.429,6,-10.02,0,0.0948,0.541,0.0211,0.31,0.316,94.149,audio_features,75GJzkw6GunnRWieVmxvXh,spotify:track:75GJzkw6GunnRWieVmxvXh,https://api.spotify.com/v1/tracks/75GJzkw6GunnRWieVmxvXh,https://api.spotify.com/v1/audio-analysis/75GJzkw6GunnRWieVmxvXh,301800,4
0.213,0.708,7,-6.563,1,0.0295,0.0726,0.751,0.107,0.215,79.042,audio_features,1Htkh4wKIhzbCLuGmSXiSq,spotify:track:1Htkh4wKIhzbCLuGmSXiSq,https://api.spotify.com/v1/tracks/1Htkh4wKIhzbCLuGmSXiSq,https://api.spotify.com/v1/audio-analysis/1Htkh4wKIhzbCLuGmSXiSq,400213,4
0.482,0.805,2,-6.295,1,0.266,0.0416,0,0.205,0.58,170.608,audio_features,5GTbTMtF8stO9mjkn3iLpU,spotify:track:5GTbTMtF8stO9mjkn3iLpU,https://api.spotify.com/v1/tracks/5GTbTMtF8stO9mjkn3iLpU,https://api.spotify.com/v1/audio-analysis/5GTbTMtF8stO9mjkn3iLpU,284280,4
0.501,0.296,7,-10.953,1,0.0341,0.67,5.06e-05,0.102,0.497,152.079,audio_features,2c6vTvGOpYH60ee8TYYXxJ,spotify:track:2c6vTvGOpYH60ee8TYYXxJ,https://api.spotify.com/v1/tracks/2c6vTvGOpYH60ee8TYYXxJ,https://api.spotify.com/v1/audio-analysis/2c6vTvGOpYH60ee8TYYXxJ,244880,3
0.493,0.785,2,-5.351,1,0.0454,0.35,0.149,0.0916,0.515,95.121,audio_features,5qI0YpJGQ8NlElqDWXkoMD,spotify:track:5qI0YpJGQ8NlElqDWXkoMD,https://api.spotify.com/v1/tracks/5qI0YpJGQ8NlElqDWXkoMD,https://api.spotify.com/v1/audio-analysis/5qI0YpJGQ8NlElqDWXkoMD,149267,4
0.33,0.341,0,-9.331,1,0.0643,0.674,1e-05,0.131,0.561,174.058,audio_features,3APFEFWr7FcD24M3r45UPv,spotify:track:3APFEFWr7FcD24M3r45UPv,https://api.spotify.com/v1/tracks/3APFEFWr7FcD24M3r45UPv,https://api.spotify.com/v1/audio-analysis/3APFEFWr7FcD24M3r45UPv,203853,3
0.528,0.632,7,-7.697,1,0.0336,0.0607,0.142,0.107,0.322,168.146,audio_features,4XtLP7bC6OPyTRlHcJBmhq,spotify:track:4XtLP7bC6OPyTRlHcJBmhq,https://api.spotify.com/v1/tracks/4XtLP7bC6OPyTRlHcJBmhq,https://api.spotify.com/v1/audio-analysis/4XtLP7bC6OPyTRlHcJBmhq,305147,4
0.469,0.399,7,-7.55,1,0.0339,0.857,0.44,0.147,0.203,115.67,audio_features,2AayCT1MtBtiiPYtio48fA,spotify:track:2AayCT1MtBtiiPYtio48fA,https://api.spotify.com/v1/tracks/2AayCT1MtBtiiPYtio48fA,https://api.spotify.com/v1/audio-analysis/2AayCT1MtBtiiPYtio48fA,318373,4
0.52,0.805,2,-5.841,1,0.0408,0.41,0.000122,0.314,0.567,80.118,audio_features,1l0DNDAeXrmOngEEDyRW51,spotify:track:1l0DNDAeXrmOngEEDyRW51,https://api.spotify.com/v1/tracks/1l0DNDAeXrmOngEEDyRW51,https://api.spotify.com/v1/audio-analysis/1l0DNDAeXrmOngEEDyRW51,430360,4
0.437,0.696,11,-4.39,0,0.0651,0.00638,4.66e-05,0.356,0.258,110.541,audio_features,5aUn8l6MaYrh9yNBzrLEBF,spotify:track:5aUn8l6MaYrh9yNBzrLEBF,https://api.spotify.com/v1/tracks/5aUn8l6MaYrh9yNBzrLEBF,https://api.spotify.com/v1/audio-analysis/5aUn8l6MaYrh9yNBzrLEBF,413307,4
0.649,0.521,0,-4.787,1,0.0305,0.00626,0.00106,0.223,0.365,81.514,audio_features,6VPmuKRODPVBazkpPRUgK5,spotify:track:6VPmuKRODPVBazkpPRUgK5,https://api.spotify.com/v1/tracks/6VPmuKRODPVBazkpPRUgK5,https://api.spotify.com/v1/audio-analysis/6VPmuKRODPVBazkpPRUgK5,242933,4
0.615,0.754,9,-4.447,1,0.035,0.323,0.204,0.0595,0.848,122.79,audio_features,7ow8R2QCGeAr3JiRbSDzWs,spotify:track:7ow8R2QCGeAr3JiRbSDzWs,https://api.spotify.com/v1/tracks/7ow8R2QCGeAr3JiRbSDzWs,https://api.spotify.com/v1/audio-analysis/7ow8R2QCGeAr3JiRbSDzWs,248360,4
0.638,0.523,0,-6.489,1,0.0402,0.186,0.251,0.057,0.41,116.12,audio_features,7MfNEVeRcksjZ5fcqV5UeB,spotify:track:7MfNEVeRcksjZ5fcqV5UeB,https://api.spotify.com/v1/tracks/7MfNEVeRcksjZ5fcqV5UeB,https://api.spotify.com/v1/audio-analysis/7MfNEVeRcksjZ5fcqV5UeB,423773,4
0.651,0.588,9,-5.715,1,0.0454,0.786,0.00106,0.149,0.689,88.65,audio_features,09iayCA5rYfUCsUfyE2fL2,spotify:track:09iayCA5rYfUCsUfyE2fL2,https://api.spotify.com/v1/tracks/09iayCA5rYfUCsUfyE2fL2,https://api.spotify.com/v1/audio-analysis/09iayCA5rYfUCsUfyE2fL2,156293,4
0.454,0.863,11,-4.049,0,0.0605,0.000163,0.0346,0.195,0.406,131.231,audio_features,19KYXwOkJXAC6ymLvZYlt6,spotify:track:19KYXwOkJXAC6ymLvZYlt6,https://api.spotify.com/v1/tracks/19KYXwOkJXAC6ymLvZYlt6,https://api.spotify.com/v1/audio-analysis/19KYXwOkJXAC6ymLvZYlt6,258733,4
0.395,0.639,2,-4.833,1,0.0391,0.00463,0.0152,0.111,0.213,170.848,audio_features,5A0iajc7nhlZv9tGDHqZya,spotify:track:5A0iajc7nhlZv9tGDHqZya,https://api.spotify.com/v1/tracks/5A0iajc7nhlZv9tGDHqZya,https://api.spotify.com/v1/audio-analysis/5A0iajc7nhlZv9tGDHqZya,374800,4
0.488,0.628,7,-4.579,1,0.0348,0.0783,0.00519,0.0618,0.715,164.011,audio_features,3GcRZ1Q9Q6NIeDNw3MVAWS,spotify:track:3GcRZ1Q9Q6NIeDNw3MVAWS,https://api.spotify.com/v1/tracks/3GcRZ1Q9Q6NIeDNw3MVAWS,https://api.spotify.com/v1/audio-analysis/3GcRZ1Q9Q6NIeDNw3MVAWS,349600,4
0.806,0.616,0,-6.214,1,0.0378,0.346,0.0279,0.145,0.519,81.005,audio_features,3vT8gzLffHjauZNwt4BtPN,spotify:track:3vT8gzLffHjauZNwt4BtPN,https://api.spotify.com/v1/tracks/3vT8gzLffHjauZNwt4BtPN,https://api.spotify.com/v1/audio-analysis/3vT8gzLffHjauZNwt4BtPN,151133,4
0.865,0.345,11,-11.264,1,0.0549,0.881,0.805,0.111,0.542,94.676,audio_features,7wKnLB4yxsfLS3JEOlAZdG,spotify:track:7wKnLB4yxsfLS3JEOlAZdG,https://api.spotify.com/v1/tracks/7wKnLB4yxsfLS3JEOlAZdG,https://api.spotify.com/v1/audio-analysis/7wKnLB4yxsfLS3JEOlAZdG,222600,4
0.3,0.945,11,-2.033,0,0.0555,0.000359,0.643,0.557,0.597,166.125,audio_features,0mOb05UKHRhE2RDIe6uEBm,spotify:track:0mOb05UKHRhE2RDIe6uEBm,https://api.spotify.com/v1/tracks/0mOb05UKHRhE2RDIe6uEBm,https://api.spotify.com/v1/audio-analysis/0mOb05UKHRhE2RDIe6uEBm,142640,4
0.647,0.71,9,-7.77,1,0.0407,0.0592,0.266,0.119,0.683,100.663,audio_features,6FjKAch1aGFI9LxJziA2Xe,spotify:track:6FjKAch1aGFI9LxJziA2Xe,https://api.spotify.com/v1/tracks/6FjKAch1aGFI9LxJziA2Xe,https://api.spotify.com/v1/audio-analysis/6FjKAch1aGFI9LxJziA2Xe,657533,4
0.478,0.552,2,-6.46,1,0.0337,0.129,0.169,0.103,0.886,176.156,audio_features,5EsM3rVaMDRsOXJq7oe3tY,spotify:track:5EsM3rVaMDRsOXJq7oe3tY,https://api.spotify.com/v1/tracks/5EsM3rVaMDRsOXJq7oe3tY,https://api.spotify.com/v1/audio-analysis/5EsM3rVaMDRsOXJq7oe3tY,209960,4
0.352,0.34,9,-6.66,0,0.0319,0.833,4.08e-05,0.159,0.0749,69.791,audio_features,6DTFmTnazxFGo6SdwSICwv,spotify:track:6DTFmTnazxFGo6SdwSICwv,https://api.spotify.com/v1/tracks/6DTFmTnazxFGo6SdwSICwv,https://api.spotify.com/v1/audio-analysis/6DTFmTnazxFGo6SdwSICwv,173773,3
0.632,0.655,0,-7.042,1,0.0444,0.266,0.189,0.106,0.168,121.558,audio_features,40F3i6gKdUibqjyZdW1o4D,spotify:track:40F3i6gKdUibqjyZdW1o4D,https://api.spotify.com/v1/tracks/40F3i6gKdUibqjyZdW1o4D,https://api.spotify.com/v1/audio-analysis/40F3i6gKdUibqjyZdW1o4D,413133,4
0.378,0.736,4,-9.438,0,0.0407,0.326,0.105,0.107,0.796,182.672,audio_features,5vtRk4rYxiy4cj95cmJ5Ma,spotify:track:5vtRk4rYxiy4cj95cmJ5Ma,https://api.spotify.com/v1/tracks/5vtRk4rYxiy4cj95cmJ5Ma,https://api.spotify.com/v1/audio-analysis/5vtRk4rYxiy4cj95cmJ5Ma,342000,3
0.555,0.854,2,-5.568,1,0.0519,0.214,0.000422,0.119,0.91,110.602,audio_features,4fFZRR2rvW6Ke8cPrSRIzv,spotify:track:4fFZRR2rvW6Ke8cPrSRIzv,https://api.spotify.com/v1/tracks/4fFZRR2rvW6Ke8cPrSRIzv,https://api.spotify.com/v1/audio-analysis/4fFZRR2rvW6Ke8cPrSRIzv,246840,4
0.58,0.564,0,-10.034,1,0.108,0.54,0.000203,0.113,0.43,158.104,audio_features,5o4qSJgebT0W9Qil414Dqw,spotify:track:5o4qSJgebT0W9Qil414Dqw,https://api.spotify.com/v1/tracks/5o4qSJgebT0W9Qil414Dqw,https://api.spotify.com/v1/audio-analysis/5o4qSJgebT0W9Qil414Dqw,268093,4
0.503,0.955,0,-7.032,1,0.0615,0.0696,0.795,0.333,0.228,126.505,audio_features,6qDeJl9eSjtqAoxX2dIFM5,spotify:track:6qDeJl9eSjtqAoxX2dIFM5,https://api.spotify.com/v1/tracks/6qDeJl9eSjtqAoxX2dIFM5,https://api.spotify.com/v1/audio-analysis/6qDeJl9eSjtqAoxX2dIFM5,91333,4
0.532,0.539,10,-11.316,1,0.13,0.822,0.456,0.111,0.157,84.466,audio_features,5CSxHyFVn0SV6Hsoac2U3C,spotify:track:5CSxHyFVn0SV6Hsoac2U3C,https://api.spotify.com/v1/tracks/5CSxHyFVn0SV6Hsoac2U3C,https://api.spotify.com/v1/audio-analysis/5CSxHyFVn0SV6Hsoac2U3C,393133,4
0.517,0.671,5,-8.803,1,0.0631,0.367,0.00325,0.172,0.442,109.695,audio_features,3E0kaDAqk538EHarelqHJu,spotify:track:3E0kaDAqk538EHarelqHJu,https://api.spotify.com/v1/tracks/3E0kaDAqk538EHarelqHJu,https://api.spotify.com/v1/audio-analysis/3E0kaDAqk538EHarelqHJu,419467,4
0.563,0.491,10,-11.491,1,0.0781,0.426,0.0178,0.0708,0.194,74.265,audio_features,7HTTvRPmxwWkjWhhbhqTuc,spotify:track:7HTTvRPmxwWkjWhhbhqTuc,https://api.spotify.com/v1/tracks/7HTTvRPmxwWkjWhhbhqTuc,https://api.spotify.com/v1/audio-analysis/7HTTvRPmxwWkjWhhbhqTuc,261333,4
0.413,0.91,0,-6.662,1,0.0841,0.32,2.74e-05,0.386,0.52,97.311,audio_features,3CpgHxarWhDYK3fWJ6C4uC,spotify:track:3CpgHxarWhDYK3fWJ6C4uC,https://api.spotify.com/v1/tracks/3CpgHxarWhDYK3fWJ6C4uC,https://api.spotify.com/v1/audio-analysis/3CpgHxarWhDYK3fWJ6C4uC,262040,4
0.722,0.853,4,-7.896,0,0.0418,0.231,0.00537,0.122,0.94,107.093,audio_features,35yGUlx2NEpiLRhMJvgPIZ,spotify:track:35yGUlx2NEpiLRhMJvgPIZ,https://api.spotify.com/v1/tracks/35yGUlx2NEpiLRhMJvgPIZ,https://api.spotify.com/v1/audio-analysis/35yGUlx2NEpiLRhMJvgPIZ,122733,4
0.427,0.816,7,-8.672,1,0.0353,0.0932,0.00901,0.0928,0.458,97.37,audio_features,0uGrzQvdAlRVDgsM5lEMuC,spotify:track:0uGrzQvdAlRVDgsM5lEMuC,https://api.spotify.com/v1/tracks/0uGrzQvdAlRVDgsM5lEMuC,https://api.spotify.com/v1/audio-analysis/0uGrzQvdAlRVDgsM5lEMuC,222960,4
0.313,0.853,7,-7.863,1,0.168,0.0121,0.00494,0.583,0.175,123.811,audio_features,49GcwWqC0nyCNIRYUwSePh,spotify:track:49GcwWqC0nyCNIRYUwSePh,https://api.spotify.com/v1/tracks/49GcwWqC0nyCNIRYUwSePh,https://api.spotify.com/v1/audio-analysis/49GcwWqC0nyCNIRYUwSePh,324907,4
0.514,0.787,7,-9.046,1,0.073,0.668,1.14e-05,0.102,0.52,180.319,audio_features,4YV4Egkx56QCZFsMdUUZ25,spotify:track:4YV4Egkx56QCZFsMdUUZ25,https://api.spotify.com/v1/tracks/4YV4Egkx56QCZFsMdUUZ25,https://api.spotify.com/v1/audio-analysis/4YV4Egkx56QCZFsMdUUZ25,361960,4
0.429,0.869,11,-6.233,0,0.0399,0.0111,0.0108,0.133,0.879,114.161,audio_features,5AMLekLilv1EI5XefQ4GAs,spotify:track:5AMLekLilv1EI5XefQ4GAs,https://api.spotify.com/v1/tracks/5AMLekLilv1EI5XefQ4GAs,https://api.spotify.com/v1/audio-analysis/5AMLekLilv1EI5XefQ4GAs,297707,4
0.473,0.714,4,-9.16,1,0.0402,0.506,0.00288,0.159,0.31,138.345,audio_features,2qo2hO7PaWBNkZe3M6nvrK,spotify:track:2qo2hO7PaWBNkZe3M6nvrK,https://api.spotify.com/v1/tracks/2qo2hO7PaWBNkZe3M6nvrK,https://api.spotify.com/v1/audio-analysis/2qo2hO7PaWBNkZe3M6nvrK,350493,4
0.38,0.65,7,-8.014,1,0.0328,0.293,0.0241,0.619,0.445,142.958,audio_features,0PlnyEdmQp2iIf6qAiWOgO,spotify:track:0PlnyEdmQp2iIf6qAiWOgO,https://api.spotify.com/v1/tracks/0PlnyEdmQp2iIf6qAiWOgO,https://api.spotify.com/v1/audio-analysis/0PlnyEdmQp2iIf6qAiWOgO,364400,4
0.451,0.713,0,-8.124,1,0.229,0.693,5.86e-06,0.353,0.464,140.193,audio_features,6MiZt50wutgoVDuGYAni8d,spotify:track:6MiZt50wutgoVDuGYAni8d,https://api.spotify.com/v1/tracks/6MiZt50wutgoVDuGYAni8d,https://api.spotify.com/v1/audio-analysis/6MiZt50wutgoVDuGYAni8d,113973,4
